{"cameraMode":{"drawMode":0,"name":"Shaded","section":"Shading Mode"},"sceneLighting":false,"audioPlay":false,"sceneViewState":{"showFog":true,"showMaterialUpdate":false,"showSkybox":true,"showFlares":true,"showImageEffects":true,"showParticleSystems":true},"in2DMode":false,"pivot":{"x":-9.829999923706055,"y":1.320000171661377,"z":-3.8365118503570558},"rotation":{"x":-0.213229700922966,"y":0.6712722182273865,"z":-0.21119216084480287,"w":-0.6777483820915222},"size":4.582287788391113,"orthographic":false}